<?xml version="1.0" encoding="UTF-8" standalone="yes"?>
<modification>
  <name>GTM Data Layer</name>
  <code>default</code>
  <version>1.0</version>
  <author>blackish</author>
  <link>https://github.com/blackish-gh</link>
  <file path="catalog/model/checkout/order.php">
    <operation>
      <search><![CDATA[public function getOrder($order_id) {]]></search>
      <add position="before"><![CDATA[
      public function getOrderProducts($order_id) {
      $query = $this->db->query("SELECT * FROM " . DB_PREFIX . "order_product WHERE order_id = '" . (int)$order_id . "'");

      return $query->rows;
      }
	]]></add>
    </operation>
  </file>
  <file path="catalog/controller/checkout/success.php">
    <operation>
      <search><![CDATA[if (isset($this->session->data['order_id'])) {]]></search>
      <add position="after"><![CDATA[
        $this->load->model('checkout/order');
        $data['data_layer_order_data'] = $this->model_checkout_order->getOrder($this->session->data['order_id']);
        $data['data_layer_order_data']['products'] = $this->model_checkout_order->getOrderProducts($this->session->data['order_id']);
		]]></add>
    </operation>
  </file>
  <file path="catalog/view/theme/*/template/common/success.tpl">
    <operation>
      <search><![CDATA[<?php echo $header; ?>]]></search>
      <add position="after"><![CDATA[
                    <!-- E-commerce Data Layer -->
                    <?php

                        if(isset($data_layer_order_data)) {

                          $tracking_info = "<script>
						  // Send transaction data with a pageview if available
						  // when the page loads. Otherwise, use an event when the transaction
						  // data becomes available. 
						  ";
                          $tracking_info.= "dataLayer.push({ 'event': 'transaction',   'ecommerce': {     'purchase': {";

                          $tracking_info .= "'actionField': {
                            'id': '" . $data_layer_order_data['order_id'] . "',
							'affiliation': 'Online Store',
                            'revenue': " . $data_layer_order_data['total'] . ",
							'tax': '',
                            'shipping': ''
							},
                            'products': [";

                          //ADD INFO FOR EACH PRODUCT
                          foreach($data_layer_order_data['products'] as $product)
                          {
                            $tracking_info.= "{" .
                              "'name': '" . $product['name'] . "',
							  'id': '" . $product['product_id'] . "',
                              'price': " . $product['price'] . ",
                              'quantity': " . $product['quantity'] .
                            "},";
                          }

                          $tracking_info = rtrim($tracking_info, ',');

                          $tracking_info .= "]";
                          $tracking_info .= '} } });</script>';

                          print $tracking_info;
                        }
                    ?>
                    <!-- END of E-commerce Data Layer -->
			    ]]></add>
    </operation>
  </file>
  <file path="catalog/view/theme/*/template/product/product.tpl">
    <operation>
      <search><![CDATA[<?php echo $header; ?>]]></search>
      <add position="after"><![CDATA[
<script>
// Measure a view of product details. This example assumes the detail view occurs on pageload,
// and also tracks a standard pageview of the details page.
dataLayer.push({
	 'ecommerce': {
		 'detail': {
			 'actionField': {'list': 'Product page'},     
			 'products': [{
			 'name': '<?php echo $heading_title; ?>',          
			 'id': '<?php echo $product_id; ?>',
			<?php if ($manufacturer) { ?>'brand': '<?php echo $manufacturer; ?>',<?php } ?>
			 'price': '<?php echo preg_replace("/[^0-9]/", '', $price); ?>'
			 }]
			}
		 }
			});
</script>
	]]></add>
    </operation>
	    <operation>
      <search index="0"><![CDATA[if (json['success']) {]]></search>
      <add position="after"><![CDATA[
			// Measure adding a product to a shopping cart by using an 'add' actionFieldObject 
			// and a list of productFieldObjects. 
			dataLayer.push({
			'event': 'addToCart', 
			'ecommerce': {      
			'currencyCode': 'UAH',      
			'add': {                                // 'add' actionFieldObject measures.        
			'products': [{                        //  adding a product to a shopping cart.         
			'name': '<?php echo $heading_title; ?>',         
			'id': '<?php echo $product_id; ?>',         
			'price': '<?php echo preg_replace("/[^0-9]/", "", $price); ?>',                 
			'quantity': '' + document.getElementById("input-quantity").value + '' 
			}]     
			}   
			} 
			});
	]]></add>
    </operation>
  </file>
    <file path="catalog/view/theme/*/template/product/category.tpl">
    <operation>
      <search><![CDATA[<?php echo $footer; ?>]]></search>
      <add position="before"><![CDATA[
<script> 
// Product impressions are sent by pushing an impressions object 
// containing one or more impressionFieldObjects. 
dataLayer.push({   
'ecommerce': {     
'currencyCode': 'UAH',                        // Local currency is optional.     
'impressions': [  
<?php $i = 0; $len = count($products); foreach ($products as $product) { ?>
{
'name': '<?php echo str_replace("'",'"',$product['name']); ?>',
'id': '<?php echo $product['product_id']; ?>',
'price': <?php echo preg_replace("/[^0-9]/", "", $product["price"]); ?> 
}<?php if ($i == $len - 1) {} else { ?>,<?php } ?>  
<?php $i++; } ?> 
]
} });
</script> 
	]]></add>
    </operation>
  </file>
</modification>